Workbook

Sheet Evaluación
A1: scenario_id | B1: idioma | C1: motivo_consulta | D1: descripcion_inicial | E1: slots_esperados | F1: flujo_esperado | G1: pasos_esperados | H1: resultado_real (texto libre, notas) | I1: correcto (sí, parcial, no) | J1: observaciones | K1: pasos_reales (Nº total de mensajes que envía el bot durante la conversación) | L1: pasos_correctos (de estos pasos reales cuántos eran los esperados según el flujo) | M1: respuestas_totales (el nº de respuestas totales puede ser igual al nº de pasos reales) | N1: respuestas_idioma_correcto (de las respuestas que te da el bot cuántas están en el idioma que el usuario indica. para ver si el bot cambia de idioma durante el flujo o no) | O1: step_accuracy_escenario | P1: lang_consistency_escenario
A2: ES-01 | B2: castellano | C2: nuevo_síntoma | D2: me duele la cabeza | E2: pain_location=cabeza | pain_type=? | symptom_duration=? | pain_intensity=? | meds_details=? | is_pregnant=? | is_smoker=? | allergies_details=? | chronic_conditions_details=? | F2: greet → idioma ES → motivo → descripción → preguntas una a una → resumen → confirmar → triage → cita → fin | G2: ~14 turnos | I2: parcial | J2: me preguntó dos veces el motivo de mi consulta | K2: 29 | L2: 28 | M2: 29 | N2: 29 | O2: =IF(OR(K2="",K2=0),"-",ROUND(L2/K2*100,1)&"%") -> 96,6% | P2: =IF(OR(M2="",M2=0),"-",ROUND(N2/M2*100,1)&"%") -> 100%
A3: ES-02 | B3: castellano | C3: urgencia | D3: tengo una urgencia | E3: needs_emergency=true (early exit) | F3: greet → idioma ES → motivo=urgencia → utter_suggest_emergency_es → END | G3: ~3 turnos | I3: sí | K3: 10 | L3: 10 | M3: 10 | N3: 10 | O3: =IF(OR(K3="",K3=0),"-",ROUND(L3/K3*100,1)&"%") -> 100% | P3: =IF(OR(M3="",M3=0),"-",ROUND(N3/M3*100,1)&"%") -> 100%
A4: ES-03 | B4: castellano | C4: revisión | D4: quiero una revisión | E4: appointment_reason=revisión | chosen_date=<fecha elegida> | F4: greet → idioma ES → motivo=revisión → pedir fecha → reservar → confirmar → fin | G4: ~5 turnos | I4: sí | K4: 13 | L4: 13 | M4: 13 | N4: 13 | O4: =IF(OR(K4="",K4=0),"-",ROUND(L4/K4*100,1)&"%") -> 100% | P4: =IF(OR(M4="",M4=0),"-",ROUND(N4/M4*100,1)&"%") -> 100%
A5: ES-04 | B5: castellano | C5: nuevo_síntoma | D5: llevo tres días con dolor en el pecho, es un dolor punzante, intensidad 7, he tomado ibuprofeno y no tengo alergias ni enfermedades crónicas | E5: pain_location=pecho | pain_type=punzante | symptom_duration=3 días | pain_intensity=7 | meds_details=ibuprofeno | allergies_details=no | chronic_conditions_details=no | F5: greet → idioma ES → motivo → descripción rica → action_extract_slots rellena slots automáticamente → bot NO vuelve a preguntar los ya rellenados → resumen → confirmar → triage → cita → fin | G5: ~7-8 turnos (bot omite preguntas ya resueltas) | I5: parcial | J5: te pregunta desde cuándo tienes los síntomas cuando realmente ya lo sabíamos pq en el primer mensaje ya se lo habíamos explicado | K5: 22 | L5: 21 | M5: 22 | N5: 22 | O5: =IF(OR(K5="",K5=0),"-",ROUND(L5/K5*100,1)&"%") -> 95,5% | P5: =IF(OR(M5="",M5=0),"-",ROUND(N5/M5*100,1)&"%") -> 100%
A6: ES-05 | B6: castellano | C6: seguimiento | D6: es un seguimiento, y sí, el médico ya tiene todos los detalles | E6: appointment_reason=seguimiento | doctor_has_details=si | F6: greet → idioma ES → motivo=seguimiento → ¿médico tiene detalles? → sí → saltar anamnesis → cita directa → fin | G6: ~5 turnos | I6: sí | K6: 15 | L6: 15 | M6: 15 | N6: 15 | O6: =IF(OR(K6="",K6=0),"-",ROUND(L6/K6*100,1)&"%") -> 100% | P6: =IF(OR(M6="",M6=0),"-",ROUND(N6/M6*100,1)&"%") -> 100%
A7: ES-06 | B7: castellano | C7: nuevo_síntoma | D7: me duele el estómago desde ayer | E7: pain_location=estómago | symptom_duration=1 día | is_pregnant=false | is_smoker=false | allergies_details=no | chronic_conditions_details=no | meds_details=ninguno | F7: greet → idioma ES → motivo → descripción → bot pregunta slots no cubiertos → paciente responde 'no' a todo → bot continúa SIN insistir → resumen → confirmar → triage → cita → fin | G7: ~12 turnos (todos los 'no' aceptados sin repreguntar) | I7: no | J7: me pregutna dónde me duele otra vez, y realmente ya lo sabía con el motivo de la consulta // además también pregunta desde cuándo tengo los síntomas | K7: 34 | L7: 32 | M7: 34 | N7: 34 | O7: =IF(OR(K7="",K7=0),"-",ROUND(L7/K7*100,1)&"%") -> 94,1% | P7: =IF(OR(M7="",M7=0),"-",ROUND(N7/M7*100,1)&"%") -> 100%
A8: ES-07 | B8: castellano | C8: nuevo_síntoma | D8: me duele la garganta desde ayer a la noche, me tomé un jarabe para la tos y no he mejorado los síntomas | E8: pain_location=garganta | symptom_duration=ayer noche | is_pregnant=false | is_smoker=false | allergies_details=no | chronic_conditions_details=no | meds_details=ninguno | F8: greet → idioma ES → motivo → descripción → bot pregunta slots no cubiertos → paciente responde 'no' a todo → bot continúa SIN insistir → resumen → confirmar → triage → cita → fin | G8: ~12 turnos (todos los 'no' aceptados sin repreguntar) | I8: parcial | J8: se repiten algunas preguntas que había ya en el primer promt | K8: 31 | L8: 28 | M8: 31 | N8: 31 | O8: =IF(OR(K8="",K8=0),"-",ROUND(L8/K8*100,1)&"%") -> 90,3% | P8: =IF(OR(M8="",M8=0),"-",ROUND(N8/M8*100,1)&"%") -> 100%
A9: ES-08 | B9: castellano | C9: nuevo_síntoma | D9: me dule el pie derecho desde hace tres días, cuando practiqué deporte. me he tomado un ibuprofeno, pero todavía lo tengo un poco inflamado y cuando ando me molesta. | E9: pain_location=pie | symptom_duration=ayer noche | is_pregnant=false | is_smoker=false | allergies_details=no | chronic_conditions_details=no | meds_details=ninguno | F9: greet → idioma ES → motivo → descripción → bot pregunta slots no cubiertos → paciente responde 'no' a todo → bot continúa SIN insistir → resumen → confirmar → triage → cita → fin | G9: ~12 turnos (todos los 'no' aceptados sin repreguntar) | I9: sí | K9: 27 | L9: 27 | M9: 27 | N9: 27 | O9: =IF(OR(K9="",K9=0),"-",ROUND(L9/K9*100,1)&"%") -> 100% | P9: =IF(OR(M9="",M9=0),"-",ROUND(N9/M9*100,1)&"%") -> 100%
A10: CA-01 | B10: català | C10: nou_símptoma | D10: em fa mal l'esquena | E10: pain_location=esquena | pain_type=? | symptom_duration=? | pain_intensity=? | meds_details=? | is_pregnant=? | is_smoker=? | allergies_details=? | chronic_conditions_details=? | F10: greet → idioma CA → motiu → descripció → preguntes una a una → resum → confirmar → triage → cita → fi | G10: ~14 torns | I10: sí | K10: 30 | L10: 29 | M10: 30 | N10: 30 | O10: =IF(OR(K10="",K10=0),"-",ROUND(L10/K10*100,1)&"%") -> 96,7% | P10: =IF(OR(M10="",M10=0),"-",ROUND(N10/M10*100,1)&"%") -> 100%
A11: CA-02 | B11: català | C11: urgència | D11: tinc una urgència | E11: needs_emergency=true (early exit) | F11: greet → idioma CA → motiu=urgència → utter_suggest_emergency_ca → END | G11: ~3 torns | I11: sí | K11: 9 | L11: 9 | M11: 9 | N11: 9 | O11: =IF(OR(K11="",K11=0),"-",ROUND(L11/K11*100,1)&"%") -> 100% | P11: =IF(OR(M11="",M11=0),"-",ROUND(N11/M11*100,1)&"%") -> 100%
A12: CA-03 | B12: català | C12: revisió | D12: vull una revisió | E12: appointment_reason=revisió | chosen_date=<data triada> | F12: greet → idioma CA → motiu=revisió → demanar data → reservar → confirmar → fi | G12: ~5 torns | I12: sí | K12: 11 | L12: 11 | M12: 11 | N12: 11 | O12: =IF(OR(K12="",K12=0),"-",ROUND(L12/K12*100,1)&"%") -> 100% | P12: =IF(OR(M12="",M12=0),"-",ROUND(N12/M12*100,1)&"%") -> 100%
A13: CA-04 | B13: català | C13: seguiment | D13: és un seguiment, però el metge no té els detalls del cas | E13: appointment_reason=seguiment | doctor_has_details=no → caiguda a anamnesi completa | F13: greet → idioma CA → motiu=seguiment → ¿metge té detalls? → no → caure a initial_description_ca → anamnesi completa → resum → confirmar → triage → cita → fi | G13: ~14 torns | I13: no | J13: cambio de catalán a castellano en 3 mensajes // preguntó una cosa que ya se lo habíamos comentado en el motivo de la consulta | K13: 31 | L13: 29 | M13: 31 | N13: 28 | O13: =IF(OR(K13="",K13=0),"-",ROUND(L13/K13*100,1)&"%") -> 93,5% | P13: =IF(OR(M13="",M13=0),"-",ROUND(N13/M13*100,1)&"%") -> 90,3%
A14: CA-05 | B14: català | C14: nou_símptoma | D14: porto tres dies amb febre alta, mal de cap i fatiga, no he pres res i no tinc al·lèrgies | E14: pain_location=cap | symptom_duration=3 dies | meds_details=no | allergies_details=no | F14: greet → idioma CA → motiu → descripció rica → action_extract_slots rellena automàticament → bot NO torna a preguntar els ja omplerts → resum → confirmar → triage → cita → fi | G14: ~8-9 torns (bot omet preguntes ja resoltes) | I14: parcial | J14: te vuelve a preguntar dónde tengo el dolor y ya se lo he dicho // también pregunta desde cuándo // también te pregunta el medicamento | K14: 33 | L14: 30 | M14: 33 | N14: 31 | O14: =IF(OR(K14="",K14=0),"-",ROUND(L14/K14*100,1)&"%") -> 90,9% | P14: =IF(OR(M14="",M14=0),"-",ROUND(N14/M14*100,1)&"%") -> 93,9%
A15: CA-06 | B15: català | C15: nou_símptoma | D15: tinc mal al queixal des de fa una setmana, m'he prés ibuporfeno, però el dolor no marxa del tot. | E15: pain_location=queixal | symptom_duration=1 setmana| meds_details=no | allergies_details=no | F15: greet → idioma CA → motiu → descripció rica → action_extract_slots rellena automàticament → bot NO torna a preguntar els ja omplerts → resum → confirmar → triage → cita → fi | I15: sí | K15: 32 | L15: 29 | M15: 32 | N15: 32 | O15: =IF(OR(K15="",K15=0),"-",ROUND(L15/K15*100,1)&"%") -> 90,6% | P15: =IF(OR(M15="",M15=0),"-",ROUND(N15/M15*100,1)&"%") -> 100%
A16: CA-07 | B16: català | C16: nou_símptoma | D16: porto quatre dies amb vomits a la nit, no fumo i tampoc tinc al·lèrgies. | E16: pain_location=? | symptom_duration=quatre dies| is_pregnant=? | is_smoker=false | allergies_details=no | chronic_conditions_details=no | meds_details=? | F16: greet → idioma CA → motiu → descripció rica → action_extract_slots rellena automàticament → bot NO torna a preguntar els ja omplerts → resum → confirmar → triage → cita → fi | I16: sí | K16: 29 | L16: 28 | M16: 29 | N16: 29 | O16: =IF(OR(K16="",K16=0),"-",ROUND(L16/K16*100,1)&"%") -> 96,6% | P16: =IF(OR(M16="",M16=0),"-",ROUND(N16/M16*100,1)&"%") -> 100%
A17: CA-08 | B17: català | C17: nou_símptoma | D17: tinc dolor de panxa | E17: report_confirmed=false → edició → report_confirmed=true | F17: greet → idioma CA → motiu → descripció → anamnesi → resum → pacient vol modificar → action_ask_and_handle_report_edit → mostrar resum de nou → confirmar → triage → cita → fi | G17: ~16 torns (cicle d'edició inclòs) | I17: parcial | J17: tres respuestas se han repetido | K17: 34 | L17: 32 | M17: 34 | N17: 33 | O17: =IF(OR(K17="",K17=0),"-",ROUND(L17/K17*100,1)&"%") -> 94,1% | P17: =IF(OR(M17="",M17=0),"-",ROUND(N17/M17*100,1)&"%") -> 97,1%

Sheet Dashboard
A1: 📊 Dashboard de Evaluación — Chatbot Rasa
A3: RESUMEN GLOBAL | E3: PROGRESO
A4: Total escenarios | B4: =COUNTA(Evaluación!A2:A17) -> 16 | C4: ✅ Correctos | D4: =COUNTIF(Evaluación!I2:I17,"sí") -> 9 | E4: % Completado | F4: =IF(B4=0,0,ROUND(B5/B4*100,1)) -> 100
A5: Evaluados | B5: =COUNTIF(Evaluación!I2:I17,"sí")+COUNTIF(Evaluación!I2:I17,"no")+COUNTIF(Evaluación!I2:I17,"parcial") -> 16 | C5: ⚠️ Parciales | D5: =COUNTIF(Evaluación!I2:I17,"parcial") -> 5 | E5: Escenarios ES evaluados | F5: =COUNTIFS(Evaluación!B2:B17,"castellano",Evaluación!I2:I17,"<>") -> 8
A6: Pendientes | B6: =B4-B5 -> 0 | C6: ❌ Incorrectos | D6: =COUNTIF(Evaluación!I2:I17,"no") -> 2 | E6: Escenarios CA evaluados | F6: =COUNTIFS(Evaluación!B2:B17,"català",Evaluación!I2:I17,"<>") -> 8
A8: DESGLOSE POR IDIOMA
A9: Idioma | B9: Evaluados | C9: ✅ Correcto | D9: ⚠️ Parcial | E9: ❌ Incorrecto | F9: % Éxito | G9: % Parcial | H9: % Fallo
A10: Castellano | B10: =COUNTIFS(Evaluación!B2:B17,"castellano",Evaluación!I2:I17,"<>") -> 8 | C10: =COUNTIFS(Evaluación!B2:B17,"castellano",Evaluación!I2:I17,"sí") -> 4 | D10: =COUNTIFS(Evaluación!B2:B17,"castellano",Evaluación!I2:I17,"parcial") -> 3 | E10: =COUNTIFS(Evaluación!B2:B17,"castellano",Evaluación!I2:I17,"no") -> 1 | F10: =IF(B10=0,"-",ROUND(C10/B10*100,1)&"%") -> 50% | G10: =IF(B10=0,"-",ROUND(D10/B10*100,1)&"%") -> 37,5% | H10: =IF(B10=0,"-",ROUND(E10/B10*100,1)&"%") -> 12,5%
A11: Català | B11: =COUNTIFS(Evaluación!B2:B17,"català",Evaluación!I2:I17,"<>") -> 8 | C11: =COUNTIFS(Evaluación!B2:B17,"català",Evaluación!I2:I17,"sí") -> 5 | D11: =COUNTIFS(Evaluación!B2:B17,"català",Evaluación!I2:I17,"parcial") -> 2 | E11: =COUNTIFS(Evaluación!B2:B17,"català",Evaluación!I2:I17,"no") -> 1 | F11: =IF(B11=0,"-",ROUND(C11/B11*100,1)&"%") -> 62,5% | G11: =IF(B11=0,"-",ROUND(D11/B11*100,1)&"%") -> 25% | H11: =IF(B11=0,"-",ROUND(E11/B11*100,1)&"%") -> 12,5%
A13: DESGLOSE POR MOTIVO DE CONSULTA
A14: Motivo | B14: Evaluados | C14: ✅ Correcto | D14: ⚠️ Parcial | E14: ❌ Incorrecto | F14: % Éxito | G14: % Parcial | H14: % Fallo
A15: nuevo_síntoma / nou_símptoma | B15: =COUNTIFS(Evaluación!C2:C17,"nuevo_síntoma",Evaluación!I2:I17,"<>")+COUNTIFS(Evaluación!C2:C17,"nou_símptoma",Evaluación!I2:I17,"<>") -> 10 | C15: =COUNTIFS(Evaluación!C2:C17,"nuevo_síntoma",Evaluación!I2:I17,"sí")+COUNTIFS(Evaluación!C2:C17,"nou_símptoma",Evaluación!I2:I17,"sí") -> 4 | D15: =COUNTIFS(Evaluación!C2:C17,"nuevo_síntoma",Evaluación!I2:I17,"parcial")+COUNTIFS(Evaluación!C2:C17,"nou_símptoma",Evaluación!I2:I17,"parcial") -> 5 | E15: =COUNTIFS(Evaluación!C2:C17,"nuevo_síntoma",Evaluación!I2:I17,"no")+COUNTIFS(Evaluación!C2:C17,"nou_símptoma",Evaluación!I2:I17,"no") -> 1 | F15: =IF(B15=0,"-",ROUND(C15/B15*100,1)&"%") -> 40% | G15: =IF(B15=0,"-",ROUND(D15/B15*100,1)&"%") -> 50% | H15: =IF(B15=0,"-",ROUND(E15/B15*100,1)&"%") -> 10%
A16: urgencia / urgència | B16: =COUNTIFS(Evaluación!C2:C17,"urgencia",Evaluación!I2:I17,"<>")+COUNTIFS(Evaluación!C2:C17,"urgència",Evaluación!I2:I17,"<>") -> 2 | C16: =COUNTIFS(Evaluación!C2:C17,"urgencia",Evaluación!I2:I17,"sí")+COUNTIFS(Evaluación!C2:C17,"urgència",Evaluación!I2:I17,"sí") -> 2 | D16: =COUNTIFS(Evaluación!C2:C17,"urgencia",Evaluación!I2:I17,"parcial")+COUNTIFS(Evaluación!C2:C17,"urgència",Evaluación!I2:I17,"parcial") -> 0 | E16: =COUNTIFS(Evaluación!C2:C17,"urgencia",Evaluación!I2:I17,"no")+COUNTIFS(Evaluación!C2:C17,"urgència",Evaluación!I2:I17,"no") -> 0 | F16: =IF(B16=0,"-",ROUND(C16/B16*100,1)&"%") -> 100% | G16: =IF(B16=0,"-",ROUND(D16/B16*100,1)&"%") -> 0% | H16: =IF(B16=0,"-",ROUND(E16/B16*100,1)&"%") -> 0%
A17: revisión / revisió | B17: =COUNTIFS(Evaluación!C2:C17,"revisión",Evaluación!I2:I17,"<>")+COUNTIFS(Evaluación!C2:C17,"revisió",Evaluación!I2:I17,"<>") -> 2 | C17: =COUNTIFS(Evaluación!C2:C17,"revisión",Evaluación!I2:I17,"sí")+COUNTIFS(Evaluación!C2:C17,"revisió",Evaluación!I2:I17,"sí") -> 2 | D17: =COUNTIFS(Evaluación!C2:C17,"revisión",Evaluación!I2:I17,"parcial")+COUNTIFS(Evaluación!C2:C17,"revisió",Evaluación!I2:I17,"parcial") -> 0 | E17: =COUNTIFS(Evaluación!C2:C17,"revisión",Evaluación!I2:I17,"no")+COUNTIFS(Evaluación!C2:C17,"revisió",Evaluación!I2:I17,"no") -> 0 | F17: =IF(B17=0,"-",ROUND(C17/B17*100,1)&"%") -> 100% | G17: =IF(B17=0,"-",ROUND(D17/B17*100,1)&"%") -> 0% | H17: =IF(B17=0,"-",ROUND(E17/B17*100,1)&"%") -> 0%
A18: seguimiento / seguiment | B18: =COUNTIFS(Evaluación!C2:C17,"seguimiento",Evaluación!I2:I17,"<>")+COUNTIFS(Evaluación!C2:C17,"seguiment",Evaluación!I2:I17,"<>") -> 2 | C18: =COUNTIFS(Evaluación!C2:C17,"seguimiento",Evaluación!I2:I17,"sí")+COUNTIFS(Evaluación!C2:C17,"seguiment",Evaluación!I2:I17,"sí") -> 1 | D18: =COUNTIFS(Evaluación!C2:C17,"seguimiento",Evaluación!I2:I17,"parcial")+COUNTIFS(Evaluación!C2:C17,"seguiment",Evaluación!I2:I17,"parcial") -> 0 | E18: =COUNTIFS(Evaluación!C2:C17,"seguimiento",Evaluación!I2:I17,"no")+COUNTIFS(Evaluación!C2:C17,"seguiment",Evaluación!I2:I17,"no") -> 1 | F18: =IF(B18=0,"-",ROUND(C18/B18*100,1)&"%") -> 50% | G18: =IF(B18=0,"-",ROUND(D18/B18*100,1)&"%") -> 0% | H18: =IF(B18=0,"-",ROUND(E18/B18*100,1)&"%") -> 50%
A20: ANÁLISIS DE SLOTS Y FLUJOS
A21: Escenario | B21: Motivo | C21: Idioma | D21: Flujo esperado (resumen) | E21: Correcto | F21: Observaciones
A22: =Evaluación!A2 -> ES-01 | B22: =Evaluación!C2 -> nuevo_síntoma | C22: =Evaluación!B2 -> castellano | D22: =Evaluación!G2 -> ~14 turnos | E22: =Evaluación!I2 -> parcial | F22: =Evaluación!J2 -> me preguntó dos veces el motivo de mi consulta | M22: Reason | N22: Good | O22: Partial | P22: Wrong
A23: =Evaluación!A3 -> ES-02 | B23: =Evaluación!C3 -> urgencia | C23: =Evaluación!B3 -> castellano | D23: =Evaluación!G3 -> ~3 turnos | E23: =Evaluación!I3 -> sí | F23: =Evaluación!J3 -> 0 | M23: Diagnosis and sick leave | N23: 0.4 | O23: 0.5 | P23: 0.1
A24: =Evaluación!A4 -> ES-03 | B24: =Evaluación!C4 -> revisión | C24: =Evaluación!B4 -> castellano | D24: =Evaluación!G4 -> ~5 turnos | E24: =Evaluación!I4 -> sí | F24: =Evaluación!J4 -> 0 | M24: Urgency | N24: 1 | O24: 0 | P24: 0
A25: =Evaluación!A5 -> ES-04 | B25: =Evaluación!C5 -> nuevo_síntoma | C25: =Evaluación!B5 -> castellano | D25: =Evaluación!G5 -> ~7-8 turnos (bot omite preguntas ya resueltas) | E25: =Evaluación!I5 -> parcial | F25: =Evaluación!J5 -> te pregunta desde cuándo tienes los síntomas cuando realmente ya lo sabíamos pq en el primer mensaje ya se lo habíamos explicado | M25: Check-up | N25: 1 | O25: 0 | P25: 0
A26: =Evaluación!A6 -> ES-05 | B26: =Evaluación!C6 -> seguimiento | C26: =Evaluación!B6 -> castellano | D26: =Evaluación!G6 -> ~5 turnos | E26: =Evaluación!I6 -> sí | F26: =Evaluación!J6 -> 0 | M26: Follow-up | N26: 0.5 | O26: 0.5 | P26: 0
A27: =Evaluación!A7 -> ES-06 | B27: =Evaluación!C7 -> nuevo_síntoma | C27: =Evaluación!B7 -> castellano | D27: =Evaluación!G7 -> ~12 turnos (todos los 'no' aceptados sin repreguntar) | E27: =Evaluación!I7 -> no | F27: =Evaluación!J7 -> me pregutna dónde me duele otra vez, y realmente ya lo sabía con el motivo de la consulta // además también pregunta desde cuándo tengo los síntomas
A28: =Evaluación!A10 -> CA-01 | B28: =Evaluación!C10 -> nou_símptoma | C28: =Evaluación!B10 -> català | D28: =Evaluación!G10 -> ~14 torns | E28: =Evaluación!I10 -> sí | F28: =Evaluación!J10 -> 0
A29: =Evaluación!A11 -> CA-02 | B29: =Evaluación!C11 -> urgència | C29: =Evaluación!B11 -> català | D29: =Evaluación!G11 -> ~3 torns | E29: =Evaluación!I11 -> sí | F29: =Evaluación!J11 -> 0
A30: =Evaluación!A12 -> CA-03 | B30: =Evaluación!C12 -> revisió | C30: =Evaluación!B12 -> català | D30: =Evaluación!G12 -> ~5 torns | E30: =Evaluación!I12 -> sí | F30: =Evaluación!J12 -> 0
A31: =Evaluación!A13 -> CA-04 | B31: =Evaluación!C13 -> seguiment | C31: =Evaluación!B13 -> català | D31: =Evaluación!G13 -> ~14 torns | E31: =Evaluación!I13 -> no | F31: =Evaluación!J13 -> cambio de catalán a castellano en 3 mensajes // preguntó una cosa que ya se lo habíamos comentado en el motivo de la consulta
A32: =Evaluación!A14 -> CA-05 | B32: =Evaluación!C14 -> nou_símptoma | C32: =Evaluación!B14 -> català | D32: =Evaluación!G14 -> ~8-9 torns (bot omet preguntes ja resoltes) | E32: =Evaluación!I14 -> parcial | F32: =Evaluación!J14 -> te vuelve a preguntar dónde tengo el dolor y ya se lo he dicho // también pregunta desde cuándo // también te pregunta el medicamento
A33: =Evaluación!A17 -> CA-08 | B33: =Evaluación!C17 -> nou_símptoma | C33: =Evaluación!B17 -> català | D33: =Evaluación!G17 -> ~16 torns (cicle d'edició inclòs) | E33: =Evaluación!I17 -> parcial | F33: =Evaluación!J17 -> tres respuestas se han repetido
A35: INDICADORES CLAVE DE CALIDAD
A36: Tasa de éxito flows cortos (urgencia + revisión) | F36: =IF(COUNTIFS(Evaluación!C2:C17,"urgencia",Evaluación!I2:I17,"<>")+COUNTIFS(Evaluación!C2:C17,"urgència",Evaluación!I2:I17,"<>")+COUNTIFS(Evaluación!C2:C17,"revisión",Evaluación!I2:I17,"<>")+COUNTIFS(Evaluación!C2:C17,"revisió",Evaluación!I2:I17,"<>")=0,"-",ROUND((COUNTIFS(Evaluación!C2:C17,"urgencia",Evaluación!I2:I17,"sí")+COUNTIFS(Evaluación!C2:C17,"urgència",Evaluación!I2:I17,"sí")+COUNTIFS(Evaluación!C2:C17,"revisión",Evaluación!I2:I17,"sí")+COUNTIFS(Evaluación!C2:C17,"revisió",Evaluación!I2:I17,"sí"))/(COUNTIFS(Evaluación!C2:C17,"urgencia",Evaluación!I2:I17,"<>")+COUNTIFS(Evaluación!C2:C17,"urgència",Evaluación!I2:I17,"<>")+COUNTIFS(Evaluación!C2:C17,"revisión",Evaluación!I2:I17,"<>")+COUNTIFS(Evaluación!C2:C17,"revisió",Evaluación!I2:I17,"<>"))*100,1)&"%") -> 100%
A37: Tasa de éxito anamnesis completa (nuevo síntoma) | F37: =IF(COUNTIFS(Evaluación!C2:C17,"nuevo_síntoma",Evaluación!I2:I17,"<>")+COUNTIFS(Evaluación!C2:C17,"nou_símptoma",Evaluación!I2:I17,"<>")=0,"-",ROUND((COUNTIFS(Evaluación!C2:C17,"nuevo_síntoma",Evaluación!I2:I17,"sí")+COUNTIFS(Evaluación!C2:C17,"nou_símptoma",Evaluación!I2:I17,"sí"))/(COUNTIFS(Evaluación!C2:C17,"nuevo_síntoma",Evaluación!I2:I17,"<>")+COUNTIFS(Evaluación!C2:C17,"nou_símptoma",Evaluación!I2:I17,"<>"))*100,1)&"%") -> 40% | M37: Metric | N37: Global | O37: Spanish | P37: Catalan
A38: Tasa de éxito detección idioma (todos los escenarios) | F38: =IF(B5=0,"-",ROUND((COUNTIF(Evaluación!I2:I17,"sí")+COUNTIF(Evaluación!I2:I17,"parcial"))/B5*100,1)&"%") -> 87,5% | M38: Flow Success Rate | N38: 0.719 | O38: 0.688 | P38: 0.75
A39: Escenarios con observaciones (algún problema anotado) | F39: =COUNTIF(Evaluación!J2:J17,"<>") -> 7 | M39: Step Accuracy | N39: 0.951 | O39: 0.961 | P39: 0.943
M40: Language Consistency | N40: 0.985 | O40: 1 | P40: 0.971
A41: MÉTRICAS DE EVALUACIÓN
A42: Métrica | B42: Descripción | C42: Fórmula | D42: Valor Global | E42: ES | F42: CA | G42: Mín escenario | H42: Máx escenario
A43: Flow Success Rate | B43: Flows correctos (sí=1, parcial=0.5, no=0) / Total flows evaluados | C43: (sí×1 + parcial×0.5) / evaluados | D43: =IF(COUNTIF(Evaluación!I2:I17,"<>")=0,"-",ROUND((COUNTIF(Evaluación!I2:I17,"sí")*1+COUNTIF(Evaluación!I2:I17,"parcial")*0.5)/COUNTIF(Evaluación!I2:I17,"<>")*100,1)&"%") -> 71,9% | E43: =IF(COUNTIFS(Evaluación!B2:B17,"castellano",Evaluación!I2:I17,"<>")=0,"-",ROUND((COUNTIFS(Evaluación!B2:B17,"castellano",Evaluación!I2:I17,"sí")*1+COUNTIFS(Evaluación!B2:B17,"castellano",Evaluación!I2:I17,"parcial")*0.5)/COUNTIFS(Evaluación!B2:B17,"castellano",Evaluación!I2:I17,"<>")*100,1)&"%") -> 68,8% | F43: =IF(COUNTIFS(Evaluación!B2:B17,"català",Evaluación!I2:I17,"<>")=0,"-",ROUND((COUNTIFS(Evaluación!B2:B17,"català",Evaluación!I2:I17,"sí")*1+COUNTIFS(Evaluación!B2:B17,"català",Evaluación!I2:I17,"parcial")*0.5)/COUNTIFS(Evaluación!B2:B17,"català",Evaluación!I2:I17,"<>")*100,1)&"%") -> 75% | G43: — | H43: —
A44: Step Accuracy | B44: Pasos correctos / Pasos reales. Paso inesperado = incorrecto (penaliza). | C44: SUM(pasos_correctos) / SUM(pasos_reales) | D44: =IF(SUMIF(Evaluación!K2:K17,"<>",Evaluación!K2:K17)=0,"-",ROUND(SUMIF(Evaluación!L2:L17,"<>",Evaluación!L2:L17)/SUMIF(Evaluación!K2:K17,"<>",Evaluación!K2:K17)*100,1)&"%") -> 95,1% | E44: =IF(SUMIFS(Evaluación!K2:K17,Evaluación!B2:B17,"castellano")=0,"-",ROUND(SUMIFS(Evaluación!L2:L17,Evaluación!B2:B17,"castellano")/SUMIFS(Evaluación!K2:K17,Evaluación!B2:B17,"castellano")*100,1)&"%") -> 96,1% | F44: =IF(SUMIFS(Evaluación!K2:K17,Evaluación!B2:B17,"català")=0,"-",ROUND(SUMIFS(Evaluación!L2:L17,Evaluación!B2:B17,"català")/SUMIFS(Evaluación!K2:K17,Evaluación!B2:B17,"català")*100,1)&"%") -> 94,3% | G44: =IFERROR(TEXT(MIN(IF(Evaluación!K2:K17<>"",Evaluación!L2:L17/Evaluación!K2:K17*100,999))*1,"0.0")&"%","-") -> - | H44: =IFERROR(TEXT(MAX(IF(Evaluación!K2:K17<>"",Evaluación!L2:L17/Evaluación!K2:K17*100,0))*1,"0.0")&"%","-") -> -
A45: Language Consistency | B45: Respuestas del bot en el idioma correcto / Total respuestas del bot | C45: SUM(resp_correctas) / SUM(resp_totales) | D45: =IF(SUMIF(Evaluación!M2:M17,"<>",Evaluación!M2:M17)=0,"-",ROUND(SUMIF(Evaluación!N2:N17,"<>",Evaluación!N2:N17)/SUMIF(Evaluación!M2:M17,"<>",Evaluación!M2:M17)*100,1)&"%") -> 98,5% | E45: =IF(SUMIFS(Evaluación!M2:M17,Evaluación!B2:B17,"castellano")=0,"-",ROUND(SUMIFS(Evaluación!N2:N17,Evaluación!B2:B17,"castellano")/SUMIFS(Evaluación!M2:M17,Evaluación!B2:B17,"castellano")*100,1)&"%") -> 100% | F45: =IF(SUMIFS(Evaluación!M2:M17,Evaluación!B2:B17,"català")=0,"-",ROUND(SUMIFS(Evaluación!N2:N17,Evaluación!B2:B17,"català")/SUMIFS(Evaluación!M2:M17,Evaluación!B2:B17,"català")*100,1)&"%") -> 97,1% | G45: =IFERROR(TEXT(MIN(IF(Evaluación!M2:M17<>"",Evaluación!N2:N17/Evaluación!M2:M17*100,999))*1,"0.0")&"%","-") -> - | H45: =IFERROR(TEXT(MAX(IF(Evaluación!M2:M17<>"",Evaluación!N2:N17/Evaluación!M2:M17*100,0))*1,"0.0")&"%","-") -> -
